Time,0-sgen-1-17.p_mw,0-sgen-10-35.p_mw,0-sgen-11-37.p_mw,0-sgen-13-40.p_mw,0-sgen-15-45.p_mw,0-sgen-16-50.p_mw,0-sgen-17-53.p_mw,0-sgen-19-57.p_mw,0-sgen-2-20.p_mw,0-sgen-20-63.p_mw,0-sgen-21-65.p_mw,0-sgen-22-67.p_mw,0-sgen-23-71.p_mw,0-sgen-24-80.p_mw,0-sgen-5-25.p_mw,0-sgen-6-28.p_mw,0-sgen-7-30.p_mw,0-sgen-9-33.p_mw
1483225200000,0.0,0.0,0.0,0.0,0.0,0.0,0.0,0.0,0.0,0.0,0.0,0.0,0.0,0.0,0.0,0.0,0.0,0.0
1483226100000,0.0,0.0,0.0,0.0,0.0,0.0,0.0,0.0,0.0,0.0,0.0,0.0,0.0,0.0,0.0,0.0,0.0,0.0
1483227000000,0.0,0.0,0.0,0.0,0.0,0.0,0.0,0.0,0.0,0.0,0.0,0.0,0.0,0.0,0.0,0.0,0.0,0.0
1483227900000,0.0,0.0,0.0,0.0,0.0,0.0,0.0,0.0,0.0,0.0,0.0,0.0,0.0,0.0,0.0,0.0,0.0,0.0
1483228800000,0.0,0.0,0.0,0.0,0.0,0.0,0.0,0.0,0.0,0.0,0.0,0.0,0.0,0.0,0.0,0.0,0.0,0.0
1483229700000,0.0,0.0,0.0,0.0,0.0,0.0,0.0,0.0,0.0,0.0,0.0,0.0,0.0,0.0,0.0,0.0,0.0,0.0
1483230600000,0.0,0.0,0.0,0.0,0.0,0.0,0.0,0.0,0.0,0.0,0.0,0.0,0.0,0.0,0.0,0.0,0.0,0.0
1483231500000,0.0,0.0,0.0,0.0,0.0,0.0,0.0,0.0,0.0,0.0,0.0,0.0,0.0,0.0,0.0,0.0,0.0,0.0
1483232400000,0.0,0.0,0.0,0.0,0.0,0.0,0.0,0.0,0.0,0.0,0.0,0.0,0.0,0.0,0.0,0.0,0.0,0.0
1483233300000,0.0,0.0,0.0,0.0,0.0,0.0,0.0,0.0,0.0,0.0,0.0,0.0,0.0,0.0,0.0,0.0,0.0,0.0
1483234200000,0.0,0.0,0.0,0.0,0.0,0.0,0.0,0.0,0.0,0.0,0.0,0.0,0.0,0.0,0.0,0.0,0.0,0.0
1483235100000,0.0,0.0,0.0,0.0,0.0,0.0,0.0,0.0,0.0,0.0,0.0,0.0,0.0,0.0,0.0,0.0,0.0,0.0
1483236000000,0.0,0.0,0.0,0.0,0.0,0.0,0.0,0.0,0.0,0.0,0.0,0.0,0.0,0.0,0.0,0.0,0.0,0.0
1483236900000,0.0,0.0,0.0,0.0,0.0,0.0,0.0,0.0,0.0,0.0,0.0,0.0,0.0,0.0,0.0,0.0,0.0,0.0
1483237800000,0.0,0.0,0.0,0.0,0.0,0.0,0.0,0.0,0.0,0.0,0.0,0.0,0.0,0.0,0.0,0.0,0.0,0.0
1483238700000,0.0,0.0,0.0,0.0,0.0,0.0,0.0,0.0,0.0,0.0,0.0,0.0,0.0,0.0,0.0,0.0,0.0,0.0
1483239600000,0.0,0.0,0.0,0.0,0.0,0.0,0.0,0.0,0.0,0.0,0.0,0.0,0.0,0.0,0.0,0.0,0.0,0.0
1483240500000,0.0,0.0,0.0,0.0,0.0,0.0,0.0,0.0,0.0,0.0,0.0,0.0,0.0,0.0,0.0,0.0,0.0,0.0
1483241400000,0.0,0.0,0.0,0.0,0.0,0.0,0.0,0.0,0.0,0.0,0.0,0.0,0.0,0.0,0.0,0.0,0.0,0.0
1483242300000,0.0,0.0,0.0,0.0,0.0,0.0,0.0,0.0,0.0,0.0,0.0,0.0,0.0,0.0,0.0,0.0,0.0,0.0
1483243200000,0.0,0.0,0.0,0.0,0.0,0.0,0.0,0.0,0.0,0.0,0.0,0.0,0.0,0.0,0.0,0.0,0.0,0.0
1483244100000,0.0,0.0,0.0,0.0,0.0,0.0,0.0,0.0,0.0,0.0,0.0,0.0,0.0,0.0,0.0,0.0,0.0,0.0
1483245000000,0.0,0.0,0.0,0.0,0.0,0.0,0.0,0.0,0.0,0.0,0.0,0.0,0.0,0.0,0.0,0.0,0.0,0.0
1483245900000,0.0,0.0,0.0,0.0,0.0,0.0,0.0,0.0,0.0,0.0,0.0,0.0,0.0,0.0,0.0,0.0,0.0,0.0
1483246800000,0.0,0.0,0.0,0.0,0.0,0.0,0.0,0.0,0.0,0.0,0.0,0.0,0.0,0.0,0.0,0.0,0.0,0.0
1483247700000,0.0,0.0,0.0,0.0,0.0,0.0,0.0,0.0,0.0,0.0,0.0,0.0,0.0,0.0,0.0,0.0,0.0,0.0
1483248600000,0.0,0.0,0.0,0.0,0.0,0.0,0.0,0.0,0.0,0.0,0.0,0.0,0.0,0.0,0.0,0.0,0.0,0.0
1483249500000,0.0,0.0,0.0,0.0,0.0,0.0,0.0,0.0,0.0,0.0,0.0,0.0,0.0,0.0,0.0,0.0,0.0,0.0
1483250400000,0.0,0.0,0.0,0.0,0.0,0.0,0.0,0.0,0.0,0.0,0.0,0.0,0.0,0.0,0.0,0.0,0.0,0.0
1483251300000,0.0,0.0,0.0,0.0,0.0,0.0,0.0,0.0,0.0,0.0,0.0,0.0,0.0,0.0,0.0,0.0,0.0,0.0
1483252200000,0.0,0.0,0.0,0.0,0.0,0.0,0.0,0.0,0.0,0.0,0.0,0.0,0.0,0.0,0.0,0.0,0.0,0.0
1483253100000,0.0,0.0,0.0,0.0,0.0,0.0,0.0,0.0,0.0,0.0,0.0,0.0,0.0,0.0,0.0,0.0,0.0,0.0
1483254000000,0.0,0.0,0.0,0.0,0.0,0.0,0.0,0.0,0.0,0.0,0.0,0.0,0.0,0.0,0.0,0.0,0.0,0.0
1483254900000,0.0,0.0,0.0,0.0,0.0,0.0,0.0,0.0,0.0,0.0,0.0,0.0,0.0,0.0,0.0,0.0,0.0,0.0
1483255800000,0.0,0.0,0.0,0.0,0.0,0.0,0.0,0.0,0.0,0.0,0.0,0.0,0.0,0.0,0.0,0.0,0.0,0.0
1483256700000,0.0,0.0,0.0,0.0,0.0,0.0,0.0,0.0,0.0,0.0,0.0,0.0,0.0,0.0,0.0,0.0,0.0,0.0
1483257600000,0.0,0.0,0.0,0.0,0.0,0.0,0.0,0.0,0.0,0.0,0.0,0.0,0.0,0.0,0.0,0.0,0.0,0.0
1483258500000,1.1196815128e-05,0.000167952226922,0.000164219955213,0.000171684498632,4.8519532222e-05,0.00012316496641,0.00012316496641,5.971634735e-05,0.000153023140085,0.0001194326947,0.000104503607863,9.3306792735e-05,0.000309778551879,3.732271709e-06,0.000309778551879,0.000164219955213,0.00018288131376,0.000309778551879
1483259400000,5.5984075641e-05,0.000839761134611,0.000821099776064,0.000858422493158,0.00024259766111,0.000615824832048,0.000615824832048,0.00029858173675,0.000765115700423,0.000597163473501,0.000522518039313,0.000466533963673,0.001548892759393,1.8661358547e-05,0.001548892759393,0.000821099776064,0.000914406568798,0.001548892759393
1483260300000,0.000149290868375,0.002239363025628,0.002189599402837,0.00228912664842,0.000646927096293,0.001642199552127,0.001642199552127,0.000796217964668,0.002040308534461,0.001592435929336,0.001393381438169,0.001244090569793,0.004130380691714,4.9763622792e-05,0.004130380691714,0.002189599402837,0.002438417516795,0.004130380691714
1483261200000,0.000272455834785,0.004086837521772,0.003996018910177,0.004177656133367,0.001180641950734,0.002997014182632,0.002997014182632,0.001453097785519,0.003723563075392,0.002906195571038,0.002542921124658,0.002270465289873,0.007537944762379,9.0818611595e-05,0.007537944762379,0.003996018910177,0.004450111968151,0.007537944762379
1483262100000,0.000406817616322,0.006102264244837,0.00596665837273,0.006237870116945,0.001762876337397,0.004474993779547,0.004474993779547,0.00216969395372,0.005559840756407,0.00433938790744,0.00379696441901,0.003390146802687,0.011255287384922,0.000135605872107,0.011255287384922,0.00596665837273,0.006644687733267,0.011255287384922
1483263000000,0.000638218462304,0.009573276934561,0.009360537447126,0.009786016421996,0.002765613336651,0.007020403085345,0.007020403085345,0.003403831798955,0.008722318984822,0.00680766359791,0.005956705648171,0.005318487185867,0.017657377457079,0.000212739487435,0.017657377457079,0.009360537447126,0.0104242348843,0.017657377457079
1483263900000,0.000776312515551,0.011644687733267,0.01138591689475,0.011903458571784,0.003364020900722,0.008539437671062,0.008539437671062,0.004140333416273,0.010609604379199,0.008280666832545,0.007245583478477,0.006469270962926,0.021477979596915,0.000258770838517,0.021477979596915,0.01138591689475,0.012679771087335,0.021477979596915
1483264800000,0.00096292610102,0.014443891515302,0.014122916148296,0.014764866882309,0.004172679771087,0.010592187111222,0.010592187111222,0.005135605872107,0.013159990047275,0.010271211744215,0.008987310276188,0.008024384175168,0.026640955461558,0.000320975367007,0.026640955461558,0.014122916148296,0.015727792983329,0.026640955461558
1483265700000,0.001198059218711,0.017970888280667,0.017571535207763,0.018370241353571,0.005191589947748,0.013178651405822,0.013178651405822,0.006389649166459,0.016373475989052,0.012779298332919,0.011181886041304,0.009983826822593,0.033146305051008,0.000399353072904,0.033146305051008,0.017571535207763,0.019568300572282,0.033146305051008
1483266600000,0.001392137347599,0.020882060213984,0.020418014431451,0.021346105996517,0.006032595172929,0.015313510823588,0.015313510823588,0.007424732520527,0.019025877083852,0.014849465041055,0.012993281910923,0.011601144563324,0.038515799950236,0.000464045782533,0.038515799950236,0.020418014431451,0.022738243344115,0.038515799950236
1483267500000,0.001616073650162,0.024241104752426,0.023702413535705,0.024779795969147,0.007002985817368,0.017776810151779,0.017776810151779,0.008619059467529,0.022086339885544,0.017238118935058,0.015083354068176,0.013467280418014,0.044711370987808,0.000538691216721,0.044711370987808,0.023702413535705,0.026395869619308,0.044711370987808
1483268400000,0.001754167703409,0.026312515551132,0.025727792983329,0.026897238118935,0.007601393381438,0.019295844737497,0.019295844737497,0.009355561084847,0.02397362527992,0.018711122169694,0.016372231898482,0.014618064195073,0.048531973127644,0.000584722567803,0.048531973127644,0.025727792983329,0.028651405822344,0.048531973127644
1483269300000,0.002041552625031,0.030623289375467,0.02994277183379,0.031303806917144,0.008846728041801,0.022457078875342,0.022457078875342,0.010888280666833,0.027901219208758,0.021776561333665,0.019054491166957,0.017012938541926,0.056482955959194,0.000680517541677,0.056482955959194,0.02994277183379,0.033345359542175,0.056482955959194
1483270200000,0.002340134361782,0.035102015426723,0.034321970639463,0.035882060213984,0.010140582234387,0.025741477979597,0.025741477979597,0.012480716596168,0.031981836277681,0.024961433192336,0.021841254043294,0.019501119681513,0.064743717342623,0.000780044787261,0.064743717342623,0.034321970639463,0.038222194575765,0.064743717342623
1483271100000,0.002362527992038,0.035437919880567,0.034650410549888,0.036225429211247,0.010237621298831,0.025987807912416,0.025987807912416,0.012600149290868,0.03228788255785,0.025200298581737,0.02205026125902,0.019687733266982,0.06536327444638,0.000787509330679,0.06536327444638,0.034650410549888,0.038587957203284,0.06536327444638
1483272000000,0.002593928838019,0.038908932570291,0.038044289624285,0.039773575516298,0.011240358298084,0.028533217218213,0.028533217218213,0.013834287136104,0.035450360786265,0.027668574272207,0.024210002488181,0.021616073650162,0.071765364518537,0.000864642946006,0.071765364518537,0.038044289624285,0.042367504354317,0.071765364518537
1483272900000,0.002623787011694,0.039356805175417,0.038482209504852,0.040231400845982,0.011369743717343,0.028861657128639,0.028861657128639,0.013993530729037,0.035858422493158,0.027987061458074,0.024488678775815,0.02186489176412,0.07259144065688,0.000874595670565,0.07259144065688,0.038482209504852,0.042855187857676,0.07259144065688
1483273800000,0.002616322468276,0.039244837024135,0.03837272953471,0.040116944513561,0.011337397362528,0.028779547151033,0.028779547151033,0.013953719830804,0.035756407066434,0.027907439661607,0.024419009703906,0.021802687235631,0.072384921622294,0.000872107489425,0.072384921622294,0.03837272953471,0.042733266981836,0.072384921622294
1483274700000,0.002560338392635,0.038405075889525,0.037551629758646,0.039258522020403,0.011094799701418,0.028163722318985,0.028163722318985,0.013655138094053,0.034991291366011,0.027310276188106,0.023896491664593,0.021336153271958,0.070836028862901,0.000853446130878,0.070836028862901,0.037551629758646,0.041818860413038,0.070836028862901
1483275600000,0.002362527992038,0.035437919880567,0.034650410549888,0.036225429211247,0.010237621298831,0.025987807912416,0.025987807912416,0.012600149290868,0.03228788255785,0.025200298581737,0.02205026125902,0.019687733266982,0.06536327444638,0.000787509330679,0.06536327444638,0.034650410549888,0.038587957203284,0.06536327444638
1483276500000,0.002545409305797,0.038181139586962,0.037332669818363,0.039029609355561,0.011030106991789,0.027999502363772,0.027999502363772,0.013575516297586,0.034787260512565,0.027151032595173,0.023757153520776,0.021211744214979,0.07042299079373,0.000848469768599,0.07042299079373,0.037332669818363,0.041575018661359,0.07042299079373
1483277400000,0.002355063448619,0.035325951729286,0.034540930579746,0.036110972878826,0.010205274944016,0.02590569793481,0.02590569793481,0.012560338392635,0.032185867131127,0.02512067678527,0.021980592187111,0.019625528738492,0.065156755411794,0.00078502114954,0.065156755411794,0.034540930579746,0.038466036327445,0.065156755411794
1483278300000,0.00204901716845,0.030735257526748,0.030052251803931,0.031418263249565,0.008879074396616,0.022539188852948,0.022539188852948,0.010928091565066,0.028003234635481,0.021856183130132,0.019124160238865,0.017075143070416,0.05668947499378,0.000683005722817,0.05668947499378,0.030052251803931,0.033467280418014,0.05668947499378
1483279200000,0.001780293605374,0.026704404080617,0.026110972878826,0.027297835282409,0.007714605623289,0.019583229659119,0.019583229659119,0.009494899228664,0.024330679273451,0.018989798457328,0.016616073650162,0.014835780044787,0.049254789748694,0.000593431201791,0.049254789748694,0.026110972878826,0.029078128887783,0.049254789748694
1483280100000,0.001530231400846,0.02295347101269,0.022443393879074,0.023463548146305,0.006631002736999,0.016832545409306,0.016832545409306,0.008161234137845,0.020913162478228,0.01632246827569,0.014282159741229,0.012751928340383,0.042336402090072,0.000510077133615,0.042336402090072,0.022443393879074,0.024993779547151,0.042336402090072
1483281000000,0.001280169196317,0.019202537944762,0.018775814879323,0.019629261010202,0.005547399850709,0.014081861159492,0.014081861159492,0.006827569047027,0.017495645683006,0.013655138094053,0.011948245832297,0.010668076635979,0.035418014431451,0.000426723065439,0.035418014431451,0.018775814879323,0.020909430206519,0.035418014431451
1483281900000,0.000940532470764,0.014107987061458,0.01379447623787,0.014421497885046,0.004075640706643,0.010345857178403,0.010345857178403,0.005016173177407,0.012853943767106,0.010032346354815,0.008778303060463,0.007837770589699,0.0260213983578,0.000313510823588,0.0260213983578,0.01379447623787,0.01536203035581,0.0260213983578
1483282800000,0.000690470266235,0.010357053993531,0.010126897238119,0.010587210748943,0.002992037820353,0.007595172928589,0.007595172928589,0.003682508086589,0.009436426971884,0.007365016173177,0.00644438915153,0.005753918885295,0.019103010699179,0.000230156755412,0.019103010699179,0.010126897238119,0.011277681015178,0.019103010699179
1483283700000,0.000485195322219,0.007277929833292,0.007116198059219,0.007439661607365,0.002102513062951,0.005337148544414,0.005337148544414,0.00258770838517,0.006631002736999,0.005175416770341,0.004528489674048,0.004043294351829,0.013423737248072,0.000161731774073,0.013423737248072,0.007116198059219,0.007924856929584,0.013423737248072
1483284600000,0.000283652649913,0.004254789748694,0.004160238865389,0.004349340631998,0.001229161482956,0.003120179149042,0.003120179149042,0.001512814132869,0.003876586215476,0.003025628265738,0.002647424732521,0.002363772082608,0.007847723314257,9.4550883304e-05,0.007847723314257,0.004160238865389,0.004632993281911,0.007847723314257
1483285500000,0.000100771336153,0.001511570042299,0.001477979596915,0.001545160487684,0.000436675789998,0.001108484697686,0.001108484697686,0.000537447126151,0.001377208260761,0.001074894252302,0.000940532470764,0.000839761134611,0.002788006966907,3.3590445384e-05,0.002788006966907,0.001477979596915,0.001645931823837,0.002788006966907
1483286400000,1.4929086838e-05,0.000223936302563,0.000218959940284,0.000228912664842,6.4692709629e-05,0.000164219955213,0.000164219955213,7.9621796467e-05,0.000204030853446,0.000159243592934,0.000139338143817,0.000124409056979,0.000413038069171,4.976362279e-06,0.000413038069171,0.000218959940284,0.00024384175168,0.000413038069171
1483287300000,0.0,0.0,0.0,0.0,0.0,0.0,0.0,0.0,0.0,0.0,0.0,0.0,0.0,0.0,0.0,0.0,0.0,0.0
1483288200000,0.0,0.0,0.0,0.0,0.0,0.0,0.0,0.0,0.0,0.0,0.0,0.0,0.0,0.0,0.0,0.0,0.0,0.0
1483289100000,0.0,0.0,0.0,0.0,0.0,0.0,0.0,0.0,0.0,0.0,0.0,0.0,0.0,0.0,0.0,0.0,0.0,0.0
1483290000000,0.0,0.0,0.0,0.0,0.0,0.0,0.0,0.0,0.0,0.0,0.0,0.0,0.0,0.0,0.0,0.0,0.0,0.0
1483290900000,0.0,0.0,0.0,0.0,0.0,0.0,0.0,0.0,0.0,0.0,0.0,0.0,0.0,0.0,0.0,0.0,0.0,0.0
1483291800000,0.0,0.0,0.0,0.0,0.0,0.0,0.0,0.0,0.0,0.0,0.0,0.0,0.0,0.0,0.0,0.0,0.0,0.0
1483292700000,0.0,0.0,0.0,0.0,0.0,0.0,0.0,0.0,0.0,0.0,0.0,0.0,0.0,0.0,0.0,0.0,0.0,0.0
1483293600000,0.0,0.0,0.0,0.0,0.0,0.0,0.0,0.0,0.0,0.0,0.0,0.0,0.0,0.0,0.0,0.0,0.0,0.0
1483294500000,0.0,0.0,0.0,0.0,0.0,0.0,0.0,0.0,0.0,0.0,0.0,0.0,0.0,0.0,0.0,0.0,0.0,0.0
1483295400000,0.0,0.0,0.0,0.0,0.0,0.0,0.0,0.0,0.0,0.0,0.0,0.0,0.0,0.0,0.0,0.0,0.0,0.0
1483296300000,0.0,0.0,0.0,0.0,0.0,0.0,0.0,0.0,0.0,0.0,0.0,0.0,0.0,0.0,0.0,0.0,0.0,0.0
1483297200000,0.0,0.0,0.0,0.0,0.0,0.0,0.0,0.0,0.0,0.0,0.0,0.0,0.0,0.0,0.0,0.0,0.0,0.0
1483298100000,0.0,0.0,0.0,0.0,0.0,0.0,0.0,0.0,0.0,0.0,0.0,0.0,0.0,0.0,0.0,0.0,0.0,0.0
1483299000000,0.0,0.0,0.0,0.0,0.0,0.0,0.0,0.0,0.0,0.0,0.0,0.0,0.0,0.0,0.0,0.0,0.0,0.0
1483299900000,0.0,0.0,0.0,0.0,0.0,0.0,0.0,0.0,0.0,0.0,0.0,0.0,0.0,0.0,0.0,0.0,0.0,0.0
1483300800000,0.0,0.0,0.0,0.0,0.0,0.0,0.0,0.0,0.0,0.0,0.0,0.0,0.0,0.0,0.0,0.0,0.0,0.0
1483301700000,0.0,0.0,0.0,0.0,0.0,0.0,0.0,0.0,0.0,0.0,0.0,0.0,0.0,0.0,0.0,0.0,0.0,0.0
1483302600000,0.0,0.0,0.0,0.0,0.0,0.0,0.0,0.0,0.0,0.0,0.0,0.0,0.0,0.0,0.0,0.0,0.0,0.0
1483303500000,0.0,0.0,0.0,0.0,0.0,0.0,0.0,0.0,0.0,0.0,0.0,0.0,0.0,0.0,0.0,0.0,0.0,0.0
1483304400000,0.0,0.0,0.0,0.0,0.0,0.0,0.0,0.0,0.0,0.0,0.0,0.0,0.0,0.0,0.0,0.0,0.0,0.0
1483305300000,0.0,0.0,0.0,0.0,0.0,0.0,0.0,0.0,0.0,0.0,0.0,0.0,0.0,0.0,0.0,0.0,0.0,0.0
1483306200000,0.0,0.0,0.0,0.0,0.0,0.0,0.0,0.0,0.0,0.0,0.0,0.0,0.0,0.0,0.0,0.0,0.0,0.0
1483307100000,0.0,0.0,0.0,0.0,0.0,0.0,0.0,0.0,0.0,0.0,0.0,0.0,0.0,0.0,0.0,0.0,0.0,0.0
1483308000000,0.0,0.0,0.0,0.0,0.0,0.0,0.0,0.0,0.0,0.0,0.0,0.0,0.0,0.0,0.0,0.0,0.0,0.0
1483308900000,0.0,0.0,0.0,0.0,0.0,0.0,0.0,0.0,0.0,0.0,0.0,0.0,0.0,0.0,0.0,0.0,0.0,0.0
1483309800000,0.0,0.0,0.0,0.0,0.0,0.0,0.0,0.0,0.0,0.0,0.0,0.0,0.0,0.0,0.0,0.0,0.0,0.0
1483310700000,0.0,0.0,0.0,0.0,0.0,0.0,0.0,0.0,0.0,0.0,0.0,0.0,0.0,0.0,0.0,0.0,0.0,0.0
